top1,top5
0.058875,0.1778125
