top1,top5
0.081125,0.227375
