top1,top5
0.0450625,0.1483125
