top1,top5
0.0603125,0.18425
