top1,top5
0.047125,0.1513125
