top1,top5
0.037375,0.1274375
