top1,top5
0.0628125,0.1854375
