top1,top5
0.0419375,0.1378125
