top1,top5
0.0671875,0.1981875
